rouge1,rouge2,rogueL,rogueLs,chrf
0.13978494623655913,0.04347826086956522,0.0967741935483871,0.0967741935483871,22.910876001715685
