rouge1,rouge2,rogueL,rogueLs
0.16666666666666666,0.10619469026548672,0.15789473684210525,0.15789473684210525
0.17682926829268292,0.08588957055214724,0.1402439024390244,0.1402439024390244
0.25913621262458475,0.15384615384615385,0.21262458471760798,0.21262458471760798
0.358974358974359,0.27741935483870966,0.282051282051282,0.282051282051282
